latitude,longitude,brightness,scan,track,acq_date,acq_time,satellite,instrument,confidence,version,bright_t31,frp,daynight
20.92155,105.35392,315.72,0.51,0.41,2026-04-30,1902,SNPP,SNPP,n,2.0NRT,288.08,1.82,N
20.92163,105.35591,311.89,0.51,0.41,2026-04-30,1902,SNPP,SNPP,n,2.0NRT,287.99,1.59,N
20.51032,105.86781,302.72,0.56,0.43,2026-04-30,1902,SNPP,SNPP,n,2.0NRT,289.02,1.28,N
20.39871,105.89953,307.73,0.56,0.43,2026-04-30,1902,SNPP,SNPP,n,2.0NRT,290.08,1.57,N
21.01831,106.53203,329.66,0.38,0.36,2026-05-01,0614,SNPP,SNPP,n,2.0NRT,296.71,3.74,D
20.48144,105.88074,305.36,0.38,0.36,2026-05-01,1843,SNPP,SNPP,n,2.0NRT,283.73,0.97,N
20.40676,105.90163,296.32,0.38,0.36,2026-05-01,1843,SNPP,SNPP,n,2.0NRT,270.26,0.46,N
20.40345,105.90102,296.73,0.38,0.36,2026-05-01,1843,SNPP,SNPP,n,2.0NRT,268.85,0.59,N
20.15044,105.14388,346.03,0.44,0.46,2026-05-02,0555,SNPP,SNPP,n,2.0NRT,293.37,8.16,D
20.18028,105.04676,346.63,0.44,0.46,2026-05-02,0555,SNPP,SNPP,n,2.0NRT,292.74,9.17,D
20.92267,105.35167,338.81,0.41,0.45,2026-05-02,0555,SNPP,SNPP,n,2.0NRT,295.35,1.64,D
20.97375,104.98666,339.89,0.43,0.46,2026-05-02,0555,SNPP,SNPP,n,2.0NRT,293.69,4.5,D
21.45015,105.39198,351.29,0.4,0.6,2026-05-04,0659,SNPP,SNPP,n,2.0NRT,290.85,8.83,D
21.44978,105.38811,341.65,0.4,0.6,2026-05-04,0659,SNPP,SNPP,n,2.0NRT,290.45,5.41,D
21.93013,105.68924,327.22,0.42,0.61,2026-05-04,0659,SNPP,SNPP,n,2.0NRT,290.09,3.41,D
21.62412,106.1757,345.94,0.45,0.47,2026-05-05,0640,SNPP,SNPP,n,2.0NRT,294.59,6.6,D
21.6899,105.28352,335.72,0.4,0.44,2026-05-05,0640,SNPP,SNPP,n,2.0NRT,294.9,2.22,D
21.83375,105.76559,336.52,0.42,0.46,2026-05-05,0640,SNPP,SNPP,n,2.0NRT,293.63,3.03,D
21.91352,105.86194,338.55,0.43,0.46,2026-05-05,0640,SNPP,SNPP,n,2.0NRT,292.18,4.19,D
21.03954,106.58921,306.79,0.5,0.49,2026-05-05,1908,SNPP,SNPP,n,2.0NRT,289.67,1.02,N
20.74265,105.65241,304.25,0.44,0.46,2026-05-05,1908,SNPP,SNPP,n,2.0NRT,289.96,0.55,N
20.39833,105.90041,304.47,0.46,0.47,2026-05-05,1908,SNPP,SNPP,n,2.0NRT,289.57,1.07,N
20.4361,105.8203,334.01,0.39,0.36,2026-05-06,0620,SNPP,SNPP,n,2.0NRT,297.38,4.98,D
20.6159,105.29985,347.67,0.39,0.36,2026-05-06,0620,SNPP,SNPP,n,2.0NRT,300.21,8.63,D
20.44462,105.02117,331.35,0.53,0.42,2026-05-07,0601,SNPP,SNPP,n,2.0NRT,292.98,3.83,D
21.28004,106.67609,333.47,0.47,0.4,2026-05-11,0625,SNPP,SNPP,n,2.0NRT,293.9,6.67,D
21.34975,105.57355,330.59,0.43,0.38,2026-05-11,0627,SNPP,SNPP,n,2.0NRT,294.61,2.09,D
21.01231,106.54153,304.33,0.49,0.4,2026-05-11,1856,SNPP,SNPP,n,2.0NRT,291.99,0.85,N
21.00862,106.54076,309.51,0.49,0.4,2026-05-11,1856,SNPP,SNPP,n,2.0NRT,291.79,1.67,N
20.53038,105.8659,307.44,0.46,0.39,2026-05-11,1856,SNPP,SNPP,n,2.0NRT,291.83,1.19,N
20.51033,105.86834,302.77,0.46,0.39,2026-05-11,1856,SNPP,SNPP,n,2.0NRT,290.23,0.83,N
20.40389,105.89912,304.65,0.47,0.39,2026-05-11,1856,SNPP,SNPP,n,2.0NRT,292.15,1.63,N
20.3995,105.90286,305.73,0.47,0.39,2026-05-11,1856,SNPP,SNPP,n,2.0NRT,292.51,1.29,N
20.4069,105.89895,308.5,0.4,0.37,2026-05-12,1838,SNPP,SNPP,n,2.0NRT,288.98,1.3,N
20.40297,105.90216,307.95,0.4,0.37,2026-05-12,1838,SNPP,SNPP,n,2.0NRT,289.31,0.93,N
20.39961,105.9016,308.88,0.4,0.37,2026-05-12,1838,SNPP,SNPP,n,2.0NRT,289.34,1.08,N
20.34639,105.91193,304.62,0.4,0.37,2026-05-12,1838,SNPP,SNPP,n,2.0NRT,288.07,0.65,N
20.81462,104.87163,330.08,0.55,0.51,2026-05-13,0550,SNPP,SNPP,n,2.0NRT,291.75,1.81,D
21.31326,105.62815,331.82,0.49,0.48,2026-05-13,0550,SNPP,SNPP,n,2.0NRT,296.38,3.22,D
21.31232,105.62346,330.96,0.49,0.48,2026-05-13,0550,SNPP,SNPP,n,2.0NRT,295.51,3.22,D
21.29983,105.13722,330.48,0.52,0.5,2026-05-13,0550,SNPP,SNPP,n,2.0NRT,291.2,4.94,D
21.30441,105.13638,340.3,0.52,0.5,2026-05-13,0550,SNPP,SNPP,n,2.0NRT,291.62,7.07,D
21.62861,105.87511,331.75,0.46,0.63,2026-05-14,0529,SNPP,SNPP,n,2.0NRT,293.17,4.38,D
21.74936,106.30714,330.95,0.43,0.62,2026-05-14,0529,SNPP,SNPP,n,2.0NRT,293.74,3.98,D
20.58608,105.58396,326.45,0.64,0.72,2026-05-14,0709,SNPP,SNPP,n,2.0NRT,279.82,6.79,D
20.58743,105.58013,345.42,0.64,0.72,2026-05-14,0709,SNPP,SNPP,n,2.0NRT,278.59,10.36,D
21.93919,106.12554,337.05,0.72,0.75,2026-05-14,0712,SNPP,SNPP,n,2.0NRT,292.16,9.95,D
21.94425,106.13147,341.75,0.72,0.75,2026-05-14,0712,SNPP,SNPP,n,2.0NRT,292.83,14.8,D
21.93243,105.54996,331.27,0.66,0.73,2026-05-14,0712,SNPP,SNPP,n,2.0NRT,295.29,4.38,D
21.75303,106.31568,338.84,0.37,0.58,2026-05-15,0652,SNPP,SNPP,n,2.0NRT,290.78,3.06,D
21.7631,106.30766,367,0.37,0.58,2026-05-15,0652,SNPP,SNPP,h,2.0NRT,291.35,10.19,D
21.88054,106.15429,367,0.36,0.57,2026-05-15,0652,SNPP,SNPP,h,2.0NRT,291.35,8.59,D
21.88588,106.15386,339.75,0.36,0.57,2026-05-15,0652,SNPP,SNPP,n,2.0NRT,290.05,4.23,D
21.89616,105.88339,332.07,0.34,0.56,2026-05-15,0652,SNPP,SNPP,n,2.0NRT,290.78,2.95,D
20.14663,105.83873,339.1,0.33,0.55,2026-05-15,0652,SNPP,SNPP,n,2.0NRT,293.19,4.31,D
20.54527,105.4981,340.38,0.63,0.54,2026-05-15,0652,SNPP,SNPP,n,2.0NRT,280.35,6.37,D
21.8823,105.71133,331.82,0.52,0.41,2026-05-16,0633,SNPP,SNPP,n,2.0NRT,288.42,2.64,D
21.93806,105.37305,334.02,0.5,0.41,2026-05-16,0633,SNPP,SNPP,n,2.0NRT,292.09,4.3,D
21.93805,105.36986,334.09,0.5,0.41,2026-05-16,0633,SNPP,SNPP,n,2.0NRT,292.65,3.14,D
20.90593,106.15392,338.07,0.4,0.37,2026-05-22,0620,SNPP,SNPP,n,2.0NRT,296.5,2.86,D
21.23436,105.32939,330.57,0.39,0.36,2026-05-22,0622,SNPP,SNPP,n,2.0NRT,296.74,4.03,D
21.60849,105.92198,335.81,0.4,0.37,2026-05-22,0622,SNPP,SNPP,n,2.0NRT,293.72,3.42,D
20.18225,106.06454,331.58,0.48,0.4,2026-05-23,0601,SNPP,SNPP,l,2.0NRT,298.33,4.57,D
20.77224,105.90152,331.47,0.48,0.4,2026-05-23,0601,SNPP,SNPP,l,2.0NRT,296.4,6.77,D
21.01886,106.5295,335.43,0.44,0.39,2026-05-23,0601,SNPP,SNPP,l,2.0NRT,297.17,2.54,D
20.98987,105.7299,333.86,0.48,0.4,2026-05-23,0601,SNPP,SNPP,l,2.0NRT,298.47,4.37,D
21.02107,105.61498,330.41,0.49,0.4,2026-05-23,0601,SNPP,SNPP,l,2.0NRT,298.82,4.5,D
21.02392,105.6096,332.02,0.49,0.4,2026-05-23,0601,SNPP,SNPP,l,2.0NRT,298.42,4.5,D
21.02843,105.61352,330.76,0.49,0.4,2026-05-23,0601,SNPP,SNPP,l,2.0NRT,298.2,6.69,D
21.08318,105.62182,330,0.49,0.4,2026-05-23,0601,SNPP,SNPP,l,2.0NRT,296.1,3.42,D
21.2548,106.15276,333.27,0.46,0.39,2026-05-23,0601,SNPP,SNPP,l,2.0NRT,298.11,7.67,D
21.25273,105.67231,333.17,0.48,0.4,2026-05-23,0601,SNPP,SNPP,l,2.0NRT,299.33,6.04,D
21.23709,105.58463,330.36,0.49,0.4,2026-05-23,0601,SNPP,SNPP,l,2.0NRT,297.88,6.15,D
21.48169,105.86381,331.74,0.47,0.4,2026-05-23,0601,SNPP,SNPP,l,2.0NRT,298.6,8.16,D
21.01742,106.5296,307.17,0.42,0.38,2026-05-23,1832,SNPP,SNPP,n,2.0NRT,286.03,1.38,N
21.01277,106.53718,306.66,0.42,0.38,2026-05-23,1832,SNPP,SNPP,n,2.0NRT,285.62,1.58,N
20.84001,105.42256,329.57,0.32,0.55,2026-05-24,0544,SNPP,SNPP,n,2.0NRT,284.98,2.19,D
20.83935,105.42396,331.27,0.32,0.55,2026-05-24,0544,SNPP,SNPP,n,2.0NRT,285.59,2.71,D
21.08783,106.65099,306.6,0.5,0.49,2026-05-24,1811,SNPP,SNPP,n,2.0NRT,291.09,3.34,N
21.03991,106.58826,311.7,0.5,0.49,2026-05-24,1811,SNPP,SNPP,n,2.0NRT,292.4,3.56,N
21.01873,106.53073,321.34,0.5,0.49,2026-05-24,1811,SNPP,SNPP,n,2.0NRT,293.04,3.07,N
21.08193,105.82471,314.88,0.56,0.52,2026-05-24,1811,SNPP,SNPP,n,2.0NRT,292,1.49,N
21.01887,106.52961,320.8,0.5,0.49,2026-05-24,1811,SNPP,SNPP,n,2.0NRT,293.39,3.78,N
21.08246,105.82432,313.84,0.56,0.51,2026-05-24,1811,SNPP,SNPP,n,2.0NRT,291.83,1.4,N
20.89714,106.82441,309.36,0.48,0.48,2026-05-24,1811,SNPP,SNPP,n,2.0NRT,292.8,0.6,N
20.40061,105.90158,309.56,0.54,0.51,2026-05-24,1811,SNPP,SNPP,n,2.0NRT,287.88,1.79,N
20.36442,104.96785,343.57,0.69,0.74,2026-05-25,0523,SNPP,SNPP,n,2.0NRT,287.58,9.39,D
20.36527,104.96885,355.4,0.69,0.74,2026-05-25,0523,SNPP,SNPP,n,2.0NRT,288.19,12.97,D
21.41393,106.30734,333.89,0.54,0.68,2026-05-25,0523,SNPP,SNPP,n,2.0NRT,290.98,3.59,D
21.4102,106.30482,331.98,0.54,0.68,2026-05-25,0525,SNPP,SNPP,n,2.0NRT,290.9,3.62,D
21.80014,106.32207,339.27,0.53,0.67,2026-05-25,0525,SNPP,SNPP,n,2.0NRT,289.87,5.7,D
20.16093,105.0564,330.5,0.47,0.64,2026-05-25,0703,SNPP,SNPP,n,2.0NRT,291.37,3.56,D
20.44165,106.30711,330.23,0.57,0.69,2026-05-25,0703,SNPP,SNPP,n,2.0NRT,291.89,6.75,D
20.36456,104.98005,345.31,0.46,0.64,2026-05-25,0703,SNPP,SNPP,n,2.0NRT,292.93,6.37,D
20.77202,105.17324,367,0.48,0.65,2026-05-25,0705,SNPP,SNPP,h,2.0NRT,291.99,11.61,D
21.08461,106.65604,367,0.61,0.71,2026-05-25,0705,SNPP,SNPP,h,2.0NRT,291.58,16.37,D
21.085,106.66082,347.89,0.61,0.71,2026-05-25,0705,SNPP,SNPP,n,2.0NRT,291.77,19.55,D
21.08296,106.65954,367,0.61,0.71,2026-05-25,0705,SNPP,SNPP,h,2.0NRT,292.27,11.46,D
21.08259,106.65461,341.13,0.61,0.71,2026-05-25,0705,SNPP,SNPP,n,2.0NRT,291.1,11.46,D
21.04121,106.58571,307.36,0.5,0.66,2026-05-25,1754,SNPP,SNPP,n,2.0NRT,290.06,1.61,N
21.01493,106.5322,306.67,0.51,0.66,2026-05-25,1754,SNPP,SNPP,n,2.0NRT,289.95,2.28,N
21.02059,106.52779,308.2,0.62,0.71,2026-05-25,1934,SNPP,SNPP,n,2.0NRT,289.19,1.8,N
20.73682,106.32879,315.82,0.61,0.71,2026-05-25,1934,SNPP,SNPP,n,2.0NRT,289.49,1.5,N
20.74233,105.64914,306.69,0.55,0.68,2026-05-25,1934,SNPP,SNPP,n,2.0NRT,289.72,2.11,N
20.25196,106.1176,331.49,0.54,0.51,2026-05-26,0646,SNPP,SNPP,n,2.0NRT,296.87,3.72,D
20.35501,104.9994,344.67,0.46,0.47,2026-05-26,0646,SNPP,SNPP,n,2.0NRT,295.96,13.15,D
21.6911,106.82994,333.84,0.63,0.54,2026-05-26,0646,SNPP,SNPP,n,2.0NRT,295.68,6.34,D
21.63702,106.07842,331.57,0.56,0.51,2026-05-26,0646,SNPP,SNPP,n,2.0NRT,296.16,2.02,D
21.5402,104.92787,334.82,0.47,0.48,2026-05-26,0646,SNPP,SNPP,n,2.0NRT,296.1,5.31,D
21.74785,106.25805,344.94,0.58,0.52,2026-05-26,0646,SNPP,SNPP,n,2.0NRT,295.29,7.06,D
21.91813,106.58123,337.76,0.61,0.53,2026-05-26,0646,SNPP,SNPP,n,2.0NRT,296.46,6.61,D
21.01595,106.5298,309.03,0.62,0.54,2026-05-26,1917,SNPP,SNPP,n,2.0NRT,292.27,2.53,N
20.39913,105.9025,310.93,0.59,0.53,2026-05-26,1917,SNPP,SNPP,n,2.0NRT,293.8,1.63,N
20.23899,106.1563,332.73,0.44,0.38,2026-05-27,0627,SNPP,SNPP,n,2.0NRT,299.45,1.62,D
20.26928,105.42127,343.73,0.42,0.37,2026-05-27,0627,SNPP,SNPP,n,2.0NRT,300.52,8.95,D
20.53015,106.44215,331.45,0.46,0.39,2026-05-27,0627,SNPP,SNPP,n,2.0NRT,299.9,2.06,D
20.51241,105.86924,332.21,0.43,0.38,2026-05-27,0627,SNPP,SNPP,l,2.0NRT,303.25,3.92,D
20.92803,106.22672,332.49,0.45,0.39,2026-05-27,0627,SNPP,SNPP,l,2.0NRT,302.77,6.97,D
20.88437,105.51643,339.73,0.42,0.38,2026-05-27,0627,SNPP,SNPP,n,2.0NRT,300.48,4.15,D
21.08373,106.77275,334.42,0.48,0.4,2026-05-27,0627,SNPP,SNPP,n,2.0NRT,297.11,5.73,D
21.02365,105.61616,335.02,0.43,0.38,2026-05-27,0627,SNPP,SNPP,l,2.0NRT,307.2,3.39,D
21.02308,105.61205,334.02,0.43,0.38,2026-05-27,0627,SNPP,SNPP,l,2.0NRT,306.06,7.9,D
21.02771,105.61971,334.24,0.43,0.38,2026-05-27,0627,SNPP,SNPP,l,2.0NRT,306.79,3.39,D
21.02714,105.61561,334.61,0.43,0.38,2026-05-27,0627,SNPP,SNPP,l,2.0NRT,306.62,3.39,D
21.27013,106.78169,333.27,0.48,0.4,2026-05-27,0627,SNPP,SNPP,n,2.0NRT,296.31,4.73,D
21.18521,105.20209,330.77,0.42,0.37,2026-05-27,0627,SNPP,SNPP,l,2.0NRT,302.35,2.72,D
21.18466,105.19817,337.16,0.42,0.37,2026-05-27,0627,SNPP,SNPP,n,2.0NRT,302.38,4,D
21.25507,105.67791,338.87,0.43,0.38,2026-05-27,0627,SNPP,SNPP,n,2.0NRT,302.76,4.15,D
21.21566,105.0709,334.09,0.41,0.37,2026-05-27,0627,SNPP,SNPP,n,2.0NRT,301.23,1.34,D
21.21892,105.07055,337.7,0.41,0.37,2026-05-27,0627,SNPP,SNPP,n,2.0NRT,301.09,3.46,D
21.33113,105.83784,334.59,0.44,0.38,2026-05-27,0627,SNPP,SNPP,n,2.0NRT,304.36,7.1,D
21.33466,105.83729,333.56,0.44,0.38,2026-05-27,0627,SNPP,SNPP,l,2.0NRT,304.02,5.88,D
21.33409,105.83305,336.43,0.44,0.38,2026-05-27,0627,SNPP,SNPP,n,2.0NRT,305.88,5.88,D
21.48956,105.76225,335.2,0.44,0.38,2026-05-27,0627,SNPP,SNPP,n,2.0NRT,299.65,2.17,D
21.65861,105.52805,331.44,0.43,0.38,2026-05-27,0627,SNPP,SNPP,n,2.0NRT,295.97,2.6,D
21.65943,105.43105,335.17,0.43,0.38,2026-05-27,0627,SNPP,SNPP,n,2.0NRT,300.67,1.86,D
21.70024,105.67445,333.41,0.44,0.38,2026-05-27,0627,SNPP,SNPP,n,2.0NRT,297.76,6.23,D
21.69967,105.67031,345.57,0.44,0.38,2026-05-27,0627,SNPP,SNPP,n,2.0NRT,299.03,13.1,D
21.8944,106.44811,333.91,0.47,0.4,2026-05-27,0627,SNPP,SNPP,n,2.0NRT,298.53,2.82,D
21.86997,106.12709,339.84,0.46,0.39,2026-05-27,0627,SNPP,SNPP,n,2.0NRT,299.27,3.97,D
21.88681,106.06237,330.46,0.45,0.39,2026-05-27,0627,SNPP,SNPP,n,2.0NRT,298.83,3.1,D
21.83196,105.50568,340.7,0.43,0.38,2026-05-27,0627,SNPP,SNPP,n,2.0NRT,299.71,3.76,D
21.90029,105.77128,332.75,0.44,0.38,2026-05-27,0627,SNPP,SNPP,n,2.0NRT,301.23,3.15,D
21.93413,105.00362,337.01,0.41,0.37,2026-05-27,0627,SNPP,SNPP,n,2.0NRT,300.47,5.57,D
21.02114,106.56721,307.42,0.49,0.41,2026-05-27,1856,SNPP,SNPP,n,2.0NRT,293.9,5.46,N
20.39878,105.90005,307.42,0.47,0.4,2026-05-27,1856,SNPP,SNPP,n,2.0NRT,285.24,2.43,N
20.15512,105.91019,335.44,0.42,0.37,2026-05-28,0608,SNPP,SNPP,l,2.0NRT,301.88,8.07,D
21.01972,106.52926,333.29,0.4,0.37,2026-05-28,0608,SNPP,SNPP,l,2.0NRT,299.27,2.7,D
21.29611,106.20325,330.33,0.4,0.37,2026-05-28,0608,SNPP,SNPP,l,2.0NRT,300.44,4.35,D
21.42137,106.74697,338.32,0.39,0.36,2026-05-28,0608,SNPP,SNPP,n,2.0NRT,297.91,3.69,D
21.33307,105.8326,333.26,0.41,0.37,2026-05-28,0608,SNPP,SNPP,l,2.0NRT,303.73,10.95,D
21.94841,106.25401,347.42,0.4,0.37,2026-05-28,0608,SNPP,SNPP,n,2.0NRT,299.58,21.05,D
21.39562,106.36127,315.62,0.39,0.36,2026-05-28,1838,SNPP,SNPP,n,2.0NRT,293.43,1.5,N
21.03922,106.58875,314.83,0.39,0.36,2026-05-28,1838,SNPP,SNPP,n,2.0NRT,295.64,3.33,N
21.0089,106.54138,308.63,0.39,0.36,2026-05-28,1838,SNPP,SNPP,n,2.0NRT,294.97,2.72,N
20.95782,105.8914,314.82,0.4,0.37,2026-05-28,1838,SNPP,SNPP,n,2.0NRT,293.56,1.86,N
20.95652,105.89198,309.34,0.4,0.37,2026-05-28,1838,SNPP,SNPP,n,2.0NRT,293.4,1.64,N
20.45225,105.88693,302.33,0.4,0.37,2026-05-28,1838,SNPP,SNPP,n,2.0NRT,279.49,0.83,N
20.40784,105.89969,309.6,0.4,0.37,2026-05-28,1838,SNPP,SNPP,n,2.0NRT,288.47,2.23,N
20.40055,105.90234,314.02,0.4,0.37,2026-05-28,1838,SNPP,SNPP,n,2.0NRT,291.54,3.45,N
20.34731,105.91265,310.03,0.4,0.37,2026-05-28,1838,SNPP,SNPP,n,2.0NRT,294.04,2.5,N
21.03697,106.59035,306.81,0.4,0.44,2026-05-29,1819,SNPP,SNPP,n,2.0NRT,289.61,4.46,N
21.01008,106.53897,308.41,0.4,0.44,2026-05-29,1819,SNPP,SNPP,n,2.0NRT,289.48,1.54,N
20.40821,105.89957,307.32,0.43,0.46,2026-05-29,1819,SNPP,SNPP,n,2.0NRT,291.97,1.61,N
20.40396,105.89902,310.73,0.43,0.46,2026-05-29,1819,SNPP,SNPP,n,2.0NRT,291.94,1.61,N
20.39922,105.90256,315.91,0.43,0.46,2026-05-29,1819,SNPP,SNPP,n,2.0NRT,292.33,3.21,N
20.34684,105.91259,307.46,0.43,0.46,2026-05-29,1819,SNPP,SNPP,n,2.0NRT,290.36,2.58,N
21.03611,106.58598,302.45,0.4,0.6,2026-05-30,1800,SNPP,SNPP,n,2.0NRT,288.64,2.92,N
21.03574,106.58989,301.1,0.4,0.6,2026-05-30,1800,SNPP,SNPP,n,2.0NRT,287.88,2.42,N
21.01899,106.52793,306.72,0.4,0.6,2026-05-30,1800,SNPP,SNPP,n,2.0NRT,288.54,1.58,N
21.01264,106.53522,305.36,0.4,0.6,2026-05-30,1800,SNPP,SNPP,n,2.0NRT,288.27,2.5,N
21.01227,106.53918,306.66,0.4,0.6,2026-05-30,1800,SNPP,SNPP,n,2.0NRT,288,1.43,N
21.0151,106.53372,306.73,0.4,0.6,2026-05-30,1800,SNPP,SNPP,n,2.0NRT,288.24,2.83,N
20.98941,105.96357,306.72,0.44,0.62,2026-05-30,1800,SNPP,SNPP,n,2.0NRT,282.06,2.34,N
20.45255,105.88616,303.77,0.44,0.62,2026-05-30,1800,SNPP,SNPP,n,2.0NRT,287.94,1.52,N
20.40458,105.8977,307.06,0.43,0.62,2026-05-30,1800,SNPP,SNPP,n,2.0NRT,288.78,2.38,N
20.39839,105.90123,304.59,0.43,0.62,2026-05-30,1800,SNPP,SNPP,n,2.0NRT,288.62,1.11,N
21.78339,105.59277,351.2,0.33,0.55,2026-05-31,0652,SNPP,SNPP,n,2.0NRT,292.49,5.35,D
21.78534,105.59364,332.92,0.33,0.55,2026-05-31,0652,SNPP,SNPP,n,2.0NRT,292.07,2.69,D
21.78503,105.59042,333.78,0.33,0.55,2026-05-31,0652,SNPP,SNPP,n,2.0NRT,291.81,2.69,D
21.85871,105.75642,331.83,0.34,0.56,2026-05-31,0652,SNPP,SNPP,n,2.0NRT,291.25,4.28,D
21.0398,106.58732,308.94,0.4,0.6,2026-05-31,1921,SNPP,SNPP,n,2.0NRT,293.15,1.37,N
21.03955,106.58833,309.3,0.4,0.6,2026-05-31,1921,SNPP,SNPP,n,2.0NRT,293.61,1.83,N
21.01856,106.52715,308.62,0.39,0.59,2026-05-31,1921,SNPP,SNPP,n,2.0NRT,293.23,1.19,N
21.01773,106.53091,306.02,0.39,0.6,2026-05-31,1921,SNPP,SNPP,n,2.0NRT,293.08,1.19,N
20.39939,105.90031,312.91,0.37,0.58,2026-05-31,1921,SNPP,SNPP,n,2.0NRT,293.95,1.62,N
21.02094,106.52985,308.62,0.39,0.36,2026-06-02,1843,SNPP,SNPP,n,2.0NRT,294.37,1.76,N
21.01875,106.5302,330.42,0.39,0.36,2026-06-02,1843,SNPP,SNPP,n,2.0NRT,296.06,4.09,N
21.01361,106.54076,309.99,0.39,0.36,2026-06-02,1843,SNPP,SNPP,n,2.0NRT,295.73,2.57,N
20.77926,106.09879,315,0.39,0.36,2026-06-02,1843,SNPP,SNPP,n,2.0NRT,294.43,0.5,N
20.77595,106.09818,309.17,0.39,0.36,2026-06-02,1843,SNPP,SNPP,n,2.0NRT,294.26,0.48,N
20.51106,105.86962,311.63,0.38,0.36,2026-06-02,1843,SNPP,SNPP,n,2.0NRT,292.93,2.3,N
20.48163,105.8832,307.3,0.38,0.36,2026-06-02,1843,SNPP,SNPP,n,2.0NRT,292.67,1.94,N
20.50121,105.37795,306.44,0.38,0.36,2026-06-02,1843,SNPP,SNPP,n,2.0NRT,293,1.84,N
20.4081,105.90087,309.24,0.38,0.36,2026-06-02,1843,SNPP,SNPP,n,2.0NRT,294.34,2.6,N
20.39758,105.90276,316.29,0.38,0.36,2026-06-02,1843,SNPP,SNPP,n,2.0NRT,294.53,2.6,N
20.34873,105.91268,311.26,0.38,0.36,2026-06-02,1843,SNPP,SNPP,n,2.0NRT,294.86,0.82,N
21.26838,105.48704,332.25,0.4,0.44,2026-06-03,0555,SNPP,SNPP,n,2.0NRT,299.94,4.66,D
21.93452,105.73595,335.64,0.56,0.43,2026-06-03,0555,SNPP,SNPP,n,2.0NRT,295.4,7.4,D
21.04026,106.58788,311.86,0.49,0.4,2026-06-03,1826,SNPP,SNPP,n,2.0NRT,293.21,3.4,N
21.0388,106.59041,309.89,0.49,0.4,2026-06-03,1826,SNPP,SNPP,n,2.0NRT,293.1,2.89,N
21.01674,106.52875,307.99,0.49,0.41,2026-06-03,1826,SNPP,SNPP,n,2.0NRT,292.83,3.5,N
20.40084,105.90255,309.93,0.52,0.42,2026-06-03,1826,SNPP,SNPP,n,2.0NRT,292.8,1.5,N
20.39698,105.90199,308.32,0.52,0.42,2026-06-03,1826,SNPP,SNPP,n,2.0NRT,292.18,1.5,N
20.34707,105.91341,307.45,0.52,0.42,2026-06-03,1826,SNPP,SNPP,n,2.0NRT,292.23,1,N
20.90219,106.83573,334.57,0.33,0.55,2026-06-04,0538,SNPP,SNPP,n,2.0NRT,292.06,1.91,D
21.10485,104.97864,334.07,0.57,0.43,2026-06-06,0640,SNPP,SNPP,n,2.0NRT,294.27,2.56,D
20.10122,105.84386,336.88,0.39,0.36,2026-06-07,0622,SNPP,SNPP,n,2.0NRT,298.87,4.52,D
20.40112,105.90455,332.35,0.39,0.36,2026-06-07,0622,SNPP,SNPP,n,2.0NRT,301.19,4.82,D
20.40391,105.90025,331.21,0.39,0.36,2026-06-07,0622,SNPP,SNPP,n,2.0NRT,300.67,4.02,D
20.40724,105.89969,331.83,0.39,0.36,2026-06-07,0622,SNPP,SNPP,n,2.0NRT,300.39,2.86,D
20.90837,106.1532,338.25,0.4,0.37,2026-06-07,0622,SNPP,SNPP,n,2.0NRT,297.85,4.44,D
20.99067,105.98016,332.52,0.4,0.37,2026-06-07,0622,SNPP,SNPP,n,2.0NRT,300.07,4.3,D
20.99653,105.72878,332.48,0.39,0.36,2026-06-07,0622,SNPP,SNPP,n,2.0NRT,299.44,2.05,D
21.02055,105.61355,333.34,0.39,0.36,2026-06-07,0622,SNPP,SNPP,n,2.0NRT,302.19,6.23,D
21.04995,105.61645,332.58,0.39,0.36,2026-06-07,0622,SNPP,SNPP,n,2.0NRT,300.84,4.66,D
21.25095,105.49133,331.04,0.39,0.36,2026-06-07,0622,SNPP,SNPP,n,2.0NRT,300.4,4.48,D
21.33608,105.35407,335.05,0.39,0.36,2026-06-07,0622,SNPP,SNPP,n,2.0NRT,300.3,5.7,D
21.34273,105.35294,332.6,0.39,0.36,2026-06-07,0622,SNPP,SNPP,n,2.0NRT,300.19,4.99,D
21.47948,105.86555,331.47,0.4,0.37,2026-06-07,0622,SNPP,SNPP,n,2.0NRT,300.1,4.51,D
21.7812,106.30861,333.61,0.41,0.37,2026-06-07,0622,SNPP,SNPP,n,2.0NRT,293.86,3.16,D
21.81167,106.44847,333.03,0.41,0.37,2026-06-07,0622,SNPP,SNPP,n,2.0NRT,293.52,2.37,D
21.78279,105.85693,335.91,0.4,0.37,2026-06-07,0622,SNPP,SNPP,n,2.0NRT,293.03,1.44,D
21.55938,105.8653,298.08,0.4,0.37,2026-06-07,1849,SNPP,SNPP,n,2.0NRT,268.14,0.34,N
21.01889,106.52998,306.37,0.42,0.38,2026-06-07,1849,SNPP,SNPP,n,2.0NRT,283.89,1.71,N
21.01334,106.54143,307.64,0.42,0.38,2026-06-07,1849,SNPP,SNPP,n,2.0NRT,283.33,1.09,N
21.00989,106.54076,305.55,0.42,0.38,2026-06-07,1849,SNPP,SNPP,n,2.0NRT,282.81,1.09,N
20.5111,105.86911,308.81,0.41,0.37,2026-06-07,1849,SNPP,SNPP,n,2.0NRT,281.32,2.65,N
20.40101,105.90096,309.18,0.41,0.37,2026-06-07,1849,SNPP,SNPP,n,2.0NRT,281.11,1.83,N
20.18039,106.06451,331.95,0.47,0.4,2026-06-08,0601,SNPP,SNPP,l,2.0NRT,297.81,6.37,D
20.55426,105.54992,335.94,0.5,0.41,2026-06-08,0601,SNPP,SNPP,n,2.0NRT,283.39,3.54,D
21.01577,106.5273,299.91,0.51,0.66,2026-06-10,1754,SNPP,SNPP,n,2.0NRT,277.33,1.91,N
21.02029,105.6143,332.52,0.43,0.38,2026-06-12,0627,SNPP,SNPP,n,2.0NRT,299.1,7.69,D
21.62547,105.70592,343.81,0.44,0.38,2026-06-12,0627,SNPP,SNPP,n,2.0NRT,291.44,6.92,D
20.39804,105.90135,303.82,0.4,0.37,2026-06-13,1838,SNPP,SNPP,n,2.0NRT,273.74,0.99,N
21.7404,106.20125,332.54,0.44,0.46,2026-06-14,0550,SNPP,SNPP,n,2.0NRT,290.62,2.57,D
21.92327,106.04398,339.92,0.44,0.46,2026-06-14,0550,SNPP,SNPP,n,2.0NRT,288.24,5.82,D
20.40255,105.89983,302.36,0.34,0.56,2026-06-20,1809,SNPP,SNPP,n,2.0NRT,278.96,0.89,N
20.83287,105.92461,333.81,0.39,0.36,2026-06-23,0622,SNPP,SNPP,n,2.0NRT,287,3.26,D
21.02116,105.61642,333.15,0.39,0.36,2026-06-23,0622,SNPP,SNPP,n,2.0NRT,301.24,6.82,D
21.27297,106.71225,335.64,0.41,0.37,2026-06-23,0622,SNPP,SNPP,n,2.0NRT,296.93,3.02,D
21.18674,105.77337,330.84,0.39,0.36,2026-06-23,0622,SNPP,SNPP,n,2.0NRT,297.54,3.87,D
21.25655,105.49211,331.13,0.39,0.36,2026-06-23,0622,SNPP,SNPP,n,2.0NRT,300.04,4.22,D
21.41553,106.31585,333.15,0.4,0.37,2026-06-23,0622,SNPP,SNPP,n,2.0NRT,291.8,1.76,D
21.82314,105.80675,332.68,0.4,0.37,2026-06-23,0622,SNPP,SNPP,n,2.0NRT,288.99,1.58,D
21.11851,106.53859,309.35,0.42,0.38,2026-06-23,1851,SNPP,SNPP,n,2.0NRT,293.56,0.63,N
21.01416,106.53563,311.15,0.42,0.38,2026-06-23,1851,SNPP,SNPP,n,2.0NRT,295.18,1.1,N
21.01347,106.53968,311.32,0.42,0.38,2026-06-23,1851,SNPP,SNPP,n,2.0NRT,295.43,1.1,N
21.01001,106.539,310.03,0.42,0.38,2026-06-23,1851,SNPP,SNPP,n,2.0NRT,294.47,0.85,N
20.34882,105.91391,311.57,0.41,0.37,2026-06-23,1851,SNPP,SNPP,n,2.0NRT,294.32,4.69,N
20.25015,106.03648,335.31,0.47,0.4,2026-06-24,0603,SNPP,SNPP,l,2.0NRT,297.31,4.26,D
20.31152,106.04314,333.24,0.47,0.4,2026-06-24,0603,SNPP,SNPP,l,2.0NRT,301.25,6.02,D
20.65018,106.44209,340.7,0.45,0.39,2026-06-24,0603,SNPP,SNPP,l,2.0NRT,301.03,10.11,D
20.645,106.327,330.47,0.46,0.39,2026-06-24,0603,SNPP,SNPP,l,2.0NRT,301.33,6.49,D
20.73033,106.40495,330.77,0.45,0.39,2026-06-24,0603,SNPP,SNPP,l,2.0NRT,300.25,5.19,D
20.73538,106.17906,330.84,0.46,0.39,2026-06-24,0603,SNPP,SNPP,l,2.0NRT,299.66,4.55,D
20.79407,106.34801,331.99,0.45,0.39,2026-06-24,0603,SNPP,SNPP,l,2.0NRT,300.66,4.11,D
20.76978,105.90179,330.21,0.47,0.4,2026-06-24,0603,SNPP,SNPP,l,2.0NRT,300.02,3.8,D
20.92002,106.74542,331.03,0.44,0.38,2026-06-24,0603,SNPP,SNPP,l,2.0NRT,299.3,4.81,D
20.77501,105.91013,335.37,0.47,0.4,2026-06-24,0603,SNPP,SNPP,l,2.0NRT,301.86,6.41,D
20.77341,105.90108,334.09,0.47,0.4,2026-06-24,0603,SNPP,SNPP,l,2.0NRT,300.34,2.76,D
20.77705,105.90036,333.33,0.47,0.4,2026-06-24,0603,SNPP,SNPP,l,2.0NRT,300.61,2.76,D
20.78387,105.91772,331.69,0.47,0.4,2026-06-24,0603,SNPP,SNPP,l,2.0NRT,301.57,6.5,D
20.78717,105.89368,331.31,0.47,0.4,2026-06-24,0603,SNPP,SNPP,l,2.0NRT,300.76,5.28,D
20.8697,106.3035,332.24,0.45,0.39,2026-06-24,0603,SNPP,SNPP,l,2.0NRT,300.78,6.57,D
20.87252,106.29847,331.53,0.45,0.39,2026-06-24,0603,SNPP,SNPP,l,2.0NRT,300.88,4.61,D
20.96449,106.51557,332.39,0.44,0.39,2026-06-24,0603,SNPP,SNPP,l,2.0NRT,300.93,5.52,D
21.03295,106.7711,330.52,0.43,0.38,2026-06-24,0603,SNPP,SNPP,l,2.0NRT,299.55,7.13,D
20.97802,106.42972,333.09,0.45,0.39,2026-06-24,0603,SNPP,SNPP,l,2.0NRT,301.33,7.1,D
21.01188,106.54174,333.64,0.44,0.39,2026-06-24,0603,SNPP,SNPP,l,2.0NRT,301.93,5.8,D
21.0097,106.52905,333.32,0.44,0.39,2026-06-24,0603,SNPP,SNPP,l,2.0NRT,300.13,4.87,D
21.01748,106.53192,335.07,0.44,0.39,2026-06-24,0603,SNPP,SNPP,l,2.0NRT,302.26,5.64,D
21.021,106.53124,332.05,0.44,0.39,2026-06-24,0603,SNPP,SNPP,l,2.0NRT,300.35,5.32,D
20.82203,105.34715,330.29,0.5,0.41,2026-06-24,0603,SNPP,SNPP,n,2.0NRT,299.56,3.92,D
21.05432,106.59888,332.3,0.44,0.38,2026-06-24,0603,SNPP,SNPP,l,2.0NRT,300.07,7.62,D
21.03512,106.35658,333.29,0.45,0.39,2026-06-24,0603,SNPP,SNPP,l,2.0NRT,297.37,3.98,D
20.92198,105.69769,331.89,0.48,0.4,2026-06-24,0603,SNPP,SNPP,n,2.0NRT,300.75,4.37,D
21.08358,106.51542,332.33,0.44,0.39,2026-06-24,0603,SNPP,SNPP,l,2.0NRT,300.96,5.28,D
20.99388,105.98051,334.84,0.47,0.4,2026-06-24,0603,SNPP,SNPP,l,2.0NRT,301.32,10.88,D
21.10766,106.40089,332.16,0.45,0.39,2026-06-24,0603,SNPP,SNPP,l,2.0NRT,301.08,3.89,D
21.1062,106.39233,330.52,0.45,0.39,2026-06-24,0603,SNPP,SNPP,l,2.0NRT,300.42,6.57,D
21.1112,106.40018,330.29,0.45,0.39,2026-06-24,0603,SNPP,SNPP,l,2.0NRT,300.57,3.89,D
21.02204,105.61352,334.54,0.49,0.4,2026-06-24,0603,SNPP,SNPP,n,2.0NRT,302.49,11.28,D
21.15286,106.11969,336.73,0.46,0.39,2026-06-24,0603,SNPP,SNPP,l,2.0NRT,303.17,10.6,D
21.16422,106.03542,339.18,0.46,0.39,2026-06-24,0603,SNPP,SNPP,l,2.0NRT,301.32,9.88,D
21.25306,106.13271,334.73,0.46,0.39,2026-06-24,0603,SNPP,SNPP,l,2.0NRT,300.66,7.8,D
21.15398,105.24636,334.22,0.5,0.41,2026-06-24,0603,SNPP,SNPP,n,2.0NRT,296.39,2.97,D
21.16437,105.2394,332.12,0.5,0.41,2026-06-24,0603,SNPP,SNPP,n,2.0NRT,296.07,1.86,D
21.25187,105.67418,331.87,0.48,0.4,2026-06-24,0603,SNPP,SNPP,l,2.0NRT,301.72,7.65,D
21.23505,105.57722,330.32,0.48,0.4,2026-06-24,0603,SNPP,SNPP,l,2.0NRT,301.07,5.27,D
21.23735,105.57918,330.53,0.48,0.4,2026-06-24,0603,SNPP,SNPP,l,2.0NRT,300.63,5.14,D
21.20045,105.35324,331.42,0.5,0.41,2026-06-24,0603,SNPP,SNPP,n,2.0NRT,298.79,2.37,D
21.33251,105.83907,331.21,0.47,0.4,2026-06-24,0603,SNPP,SNPP,l,2.0NRT,301.15,5.92,D
21.33173,105.83457,332.4,0.47,0.4,2026-06-24,0603,SNPP,SNPP,l,2.0NRT,301.82,3.37,D
21.27023,105.48574,342.29,0.49,0.4,2026-06-24,0603,SNPP,SNPP,n,2.0NRT,301.02,8.19,D
21.33535,105.83385,333.4,0.47,0.4,2026-06-24,0603,SNPP,SNPP,l,2.0NRT,302.76,4.97,D
21.27363,105.24424,337.58,0.5,0.41,2026-06-24,0603,SNPP,SNPP,n,2.0NRT,296.35,4.28,D
21.33173,105.34827,333.79,0.5,0.41,2026-06-24,0603,SNPP,SNPP,n,2.0NRT,299.54,4.84,D
21.34001,105.35153,338.22,0.5,0.41,2026-06-24,0603,SNPP,SNPP,n,2.0NRT,299.36,4.74,D
21.38656,105.3323,331.74,0.5,0.41,2026-06-24,0603,SNPP,SNPP,n,2.0NRT,296.44,4.02,D
21.38732,105.18317,339.84,0.5,0.41,2026-06-24,0603,SNPP,SNPP,n,2.0NRT,297.55,3.58,D
21.6533,104.93333,335.66,0.52,0.41,2026-06-24,0603,SNPP,SNPP,n,2.0NRT,296.71,4.53,D
21.68412,104.95492,333.02,0.51,0.41,2026-06-24,0603,SNPP,SNPP,n,2.0NRT,298.6,5.91,D
20.98937,106.01159,314.02,0.44,0.39,2026-06-24,1832,SNPP,SNPP,n,2.0NRT,288.17,2.53,N
20.40151,105.90121,310.86,0.44,0.38,2026-06-24,1832,SNPP,SNPP,n,2.0NRT,285.1,3.65,N
20.40141,105.90145,312.55,0.54,0.51,2026-06-25,1813,SNPP,SNPP,n,2.0NRT,287.01,7.62,N
20.34792,105.91022,306.41,0.54,0.51,2026-06-25,1813,SNPP,SNPP,n,2.0NRT,286.25,3.54,N
21.02068,106.52784,298.16,0.39,0.36,2026-06-29,1838,SNPP,SNPP,n,2.0NRT,255.71,0.33,N
21.01735,106.52726,297.48,0.39,0.36,2026-06-29,1838,SNPP,SNPP,n,2.0NRT,255.69,0.33,N
20.40065,105.89996,309.5,0.43,0.46,2026-06-30,1819,SNPP,SNPP,n,2.0NRT,285.58,1.91,N
21.03823,106.58765,303.12,0.4,0.6,2026-07-01,1802,SNPP,SNPP,n,2.0NRT,272.21,0.94,N
21.01533,106.53313,300.3,0.4,0.6,2026-07-01,1802,SNPP,SNPP,n,2.0NRT,271.18,0.95,N
21.25851,105.66982,328.2,0.39,0.44,2026-07-05,0557,SNPP,SNPP,n,2.0NRT,289.9,4.84,D
20.98783,105.72964,329.09,0.48,0.4,2026-07-10,0603,SNPP,SNPP,l,2.0NRT,295.21,6.78,D
21.04772,105.70341,327.87,0.48,0.4,2026-07-10,0603,SNPP,SNPP,l,2.0NRT,294.87,3.81,D
21.0165,106.52608,297.91,0.4,0.6,2026-07-17,1802,SNPP,SNPP,n,2.0NRT,286.52,2.82,N
21.01862,106.52853,304.09,0.4,0.6,2026-07-17,1802,SNPP,SNPP,n,2.0NRT,286.58,1.63,N
20.40149,105.89922,309.43,0.44,0.62,2026-07-17,1802,SNPP,SNPP,n,2.0NRT,285.65,5.29,N
20.26931,105.42543,343.26,0.61,0.54,2026-07-18,0654,SNPP,SNPP,n,2.0NRT,288.64,9.22,D
20.44634,106.06492,331.34,0.34,0.56,2026-07-18,0654,SNPP,SNPP,n,2.0NRT,291.46,2.36,D
20.83858,105.92551,296.05,0.36,0.58,2026-07-18,1923,SNPP,SNPP,n,2.0NRT,262.29,0.71,N
20.40761,105.89868,298.05,0.38,0.36,2026-07-20,1845,SNPP,SNPP,n,2.0NRT,271.19,0.85,N
21.0168,106.52963,302.29,0.5,0.41,2026-07-21,1826,SNPP,SNPP,n,2.0NRT,272.9,0.77,N
20.99755,105.99222,306.86,0.53,0.42,2026-07-21,1826,SNPP,SNPP,n,2.0NRT,292.13,2.38,N
20.7784,106.09541,305.43,0.52,0.41,2026-07-21,1828,SNPP,SNPP,n,2.0NRT,290.43,1.51,N
20.51422,105.46872,327.52,0.41,0.6,2026-07-22,0538,SNPP,SNPP,n,2.0NRT,289.1,2.55,D
20.51323,105.46889,327.74,0.4,0.6,2026-07-22,0538,SNPP,SNPP,n,2.0NRT,289.25,2.54,D
21.56289,105.86774,302.96,0.44,0.46,2026-07-24,1910,SNPP,SNPP,n,2.0NRT,278.04,0.87,N
20.40026,105.90257,332.64,0.39,0.36,2026-07-25,0622,SNPP,SNPP,n,2.0NRT,301.5,4.37,D
20.40695,105.90147,330.29,0.39,0.36,2026-07-25,0622,SNPP,SNPP,l,2.0NRT,300.7,5.65,D
21.05756,106.10796,331.49,0.4,0.37,2026-07-25,0622,SNPP,SNPP,n,2.0NRT,298.62,2.22,D
21.06038,106.10358,332.24,0.4,0.37,2026-07-25,0622,SNPP,SNPP,n,2.0NRT,299.54,2.87,D
21.02726,105.61729,330.5,0.39,0.36,2026-07-25,0622,SNPP,SNPP,n,2.0NRT,299.59,6.11,D
21.24918,106.18259,333.69,0.4,0.37,2026-07-25,0622,SNPP,SNPP,n,2.0NRT,300.94,3.68,D
21.55894,105.86823,311.27,0.4,0.37,2026-07-25,1851,SNPP,SNPP,n,2.0NRT,292.52,1.22,N
20.40779,105.8996,308.47,0.41,0.37,2026-07-25,1851,SNPP,SNPP,n,2.0NRT,288.76,1.53,N
20.40034,105.9022,316.14,0.41,0.37,2026-07-25,1851,SNPP,SNPP,n,2.0NRT,289.2,2.28,N
20.41358,106.35335,330.32,0.46,0.39,2026-07-26,0603,SNPP,SNPP,l,2.0NRT,299.83,4.66,D
20.41074,106.16678,332.88,0.47,0.4,2026-07-26,0603,SNPP,SNPP,l,2.0NRT,300.39,6.69,D
20.71312,106.40078,331.82,0.45,0.39,2026-07-26,0603,SNPP,SNPP,l,2.0NRT,302.25,4.84,D
20.78436,106.03249,334.28,0.47,0.4,2026-07-26,0603,SNPP,SNPP,l,2.0NRT,298.22,3.98,D
20.76908,105.89995,333.53,0.48,0.4,2026-07-26,0603,SNPP,SNPP,l,2.0NRT,299.98,7.06,D
20.77418,105.91066,332.3,0.48,0.4,2026-07-26,0603,SNPP,SNPP,l,2.0NRT,300.09,3.26,D
20.77257,105.90158,334.45,0.48,0.4,2026-07-26,0603,SNPP,SNPP,l,2.0NRT,299.76,6.71,D
20.77621,105.90086,331.96,0.48,0.4,2026-07-26,0603,SNPP,SNPP,l,2.0NRT,299.68,6.71,D
20.78636,105.89416,330.27,0.48,0.4,2026-07-26,0603,SNPP,SNPP,l,2.0NRT,300.19,3.75,D
21.01139,106.541,333.93,0.44,0.39,2026-07-26,0603,SNPP,SNPP,l,2.0NRT,305.39,6.26,D
21.0092,106.52824,331.43,0.44,0.39,2026-07-26,0603,SNPP,SNPP,l,2.0NRT,303.37,4.61,D
21.017,106.53113,333.56,0.44,0.39,2026-07-26,0603,SNPP,SNPP,l,2.0NRT,305.1,3.36,D
21.02053,106.53045,336.95,0.44,0.39,2026-07-26,0603,SNPP,SNPP,l,2.0NRT,302.48,3.36,D
20.9908,106.33673,331.23,0.45,0.39,2026-07-26,0603,SNPP,SNPP,l,2.0NRT,301.96,5.27,D
21.08741,106.64512,335.85,0.44,0.38,2026-07-26,0603,SNPP,SNPP,l,2.0NRT,298.1,5.85,D
21.10691,106.39993,332.1,0.45,0.39,2026-07-26,0603,SNPP,SNPP,l,2.0NRT,301.19,2.91,D
21.12227,106.25381,331.62,0.45,0.39,2026-07-26,0603,SNPP,SNPP,l,2.0NRT,298.77,1.01,D
21.07528,105.93803,330.59,0.47,0.4,2026-07-26,0603,SNPP,SNPP,l,2.0NRT,298.01,6.79,D
21.08409,105.94559,330.29,0.47,0.4,2026-07-26,0603,SNPP,SNPP,l,2.0NRT,297.34,4.54,D
21.24372,106.13592,335.35,0.46,0.39,2026-07-26,0603,SNPP,SNPP,l,2.0NRT,299.62,11.79,D
21.23914,106.10236,331.63,0.46,0.39,2026-07-26,0603,SNPP,SNPP,l,2.0NRT,298.65,3.8,D
21.59094,105.82442,330.79,0.47,0.4,2026-07-26,0603,SNPP,SNPP,l,2.0NRT,300.28,3.73,D
21.59456,105.82369,331.17,0.47,0.4,2026-07-26,0603,SNPP,SNPP,l,2.0NRT,300.57,3.73,D
21.65144,104.93603,329.97,0.52,0.41,2026-07-26,0603,SNPP,SNPP,n,2.0NRT,290.77,4.71,D
21.72853,105.2384,340.04,0.5,0.41,2026-07-26,0603,SNPP,SNPP,n,2.0NRT,298.21,4.75,D
21.72974,105.2403,334.43,0.5,0.41,2026-07-26,0603,SNPP,SNPP,n,2.0NRT,297.67,3.92,D
21.55926,105.87146,314.27,0.46,0.39,2026-07-26,1834,SNPP,SNPP,n,2.0NRT,291.25,2.99,N
21.04021,106.58926,312.53,0.42,0.38,2026-07-26,1834,SNPP,SNPP,n,2.0NRT,293.88,3.1,N
21.03858,106.59052,308.67,0.42,0.38,2026-07-26,1834,SNPP,SNPP,n,2.0NRT,293.14,3.24,N
21.01447,106.53664,308.4,0.42,0.38,2026-07-26,1834,SNPP,SNPP,n,2.0NRT,292.96,2.43,N
21.7292,106.18715,332.28,0.46,0.39,2026-07-30,0629,SNPP,SNPP,n,2.0NRT,287.55,3.79,D
21.55921,105.86848,309.55,0.45,0.39,2026-07-30,1858,SNPP,SNPP,n,2.0NRT,288.82,1.6,N
21.01954,106.53042,312.56,0.49,0.4,2026-07-30,1858,SNPP,SNPP,n,2.0NRT,279.58,1.12,N
21.0399,106.58846,306.73,0.39,0.36,2026-08-05,1845,SNPP,SNPP,n,2.0NRT,287.01,1.12,N
21.41718,105.49997,331.74,0.4,0.6,2026-08-08,0701,SNPP,SNPP,n,2.0NRT,288.91,2.24,D
21.48184,105.86833,298.17,0.72,0.76,2026-08-08,1749,SNPP,SNPP,n,2.0NRT,279.83,0.55,N
21.03598,106.58954,303.11,0.64,0.72,2026-08-08,1749,SNPP,SNPP,n,2.0NRT,286.28,1.06,N
21.01873,106.53105,311.99,0.49,0.65,2026-08-08,1930,SNPP,SNPP,n,2.0NRT,287.67,2.04,N
20.67736,105.29102,338.07,0.38,0.44,2026-08-09,0642,SNPP,SNPP,n,2.0NRT,294.54,2.77,D
20.67789,105.29005,336.24,0.39,0.44,2026-08-09,0642,SNPP,SNPP,n,2.0NRT,294.58,2.31,D
20.8327,105.47817,336.22,0.4,0.44,2026-08-09,0642,SNPP,SNPP,n,2.0NRT,292.13,2.19,D
21.33275,105.83578,331.01,0.42,0.45,2026-08-09,0642,SNPP,SNPP,l,2.0NRT,301.95,9.1,D
21.66152,105.07926,330.68,0.38,0.44,2026-08-09,0642,SNPP,SNPP,n,2.0NRT,297.39,1.23,D
21.76689,105.85385,335.79,0.43,0.46,2026-08-09,0642,SNPP,SNPP,n,2.0NRT,293.72,5.01,D
21.8828,105.89474,332.23,0.43,0.46,2026-08-09,0642,SNPP,SNPP,n,2.0NRT,293.84,3.86,D
21.55826,105.86409,304.8,0.44,0.46,2026-08-09,1910,SNPP,SNPP,n,2.0NRT,283.4,0.81,N
20.60415,106.44767,307.23,0.5,0.49,2026-08-09,1913,SNPP,SNPP,n,2.0NRT,287.43,0.96,N
20.35438,106.10344,330.05,0.39,0.36,2026-08-10,0622,SNPP,SNPP,l,2.0NRT,302.03,2.73,D
20.33865,105.92527,331.34,0.39,0.36,2026-08-10,0622,SNPP,SNPP,l,2.0NRT,302.74,4.99,D
20.40389,105.90295,330.38,0.39,0.36,2026-08-10,0622,SNPP,SNPP,l,2.0NRT,301.54,5.37,D
20.50299,106.35894,330.35,0.4,0.37,2026-08-10,0622,SNPP,SNPP,l,2.0NRT,302.69,3.83,D
20.54354,106.54528,331.64,0.4,0.37,2026-08-10,0622,SNPP,SNPP,l,2.0NRT,301.87,2.34,D
20.63175,105.88848,330.75,0.39,0.36,2026-08-10,0625,SNPP,SNPP,l,2.0NRT,303.06,3.88,D
20.90551,106.15286,335.07,0.4,0.37,2026-08-10,0625,SNPP,SNPP,n,2.0NRT,295.22,2.74,D
21.01853,106.52923,333.15,0.41,0.37,2026-08-10,0625,SNPP,SNPP,l,2.0NRT,305.29,2.4,D
21.07902,106.73195,334.9,0.41,0.37,2026-08-10,0625,SNPP,SNPP,n,2.0NRT,299.35,2.9,D
21.07811,106.73278,335.05,0.41,0.37,2026-08-10,0625,SNPP,SNPP,n,2.0NRT,299.92,2.69,D
20.99162,105.97939,330.04,0.39,0.36,2026-08-10,0625,SNPP,SNPP,n,2.0NRT,298.13,3.11,D
20.99994,105.54693,330.69,0.39,0.36,2026-08-10,0625,SNPP,SNPP,l,2.0NRT,303.75,2.11,D
21.1844,105.77296,332.69,0.39,0.36,2026-08-10,0625,SNPP,SNPP,l,2.0NRT,303.49,5.97,D
21.2468,106.17954,333.29,0.4,0.37,2026-08-10,0625,SNPP,SNPP,n,2.0NRT,301.31,5.65,D
21.23122,105.81153,331.66,0.39,0.36,2026-08-10,0625,SNPP,SNPP,l,2.0NRT,303.61,4.73,D
21.2369,105.57915,330.11,0.39,0.36,2026-08-10,0625,SNPP,SNPP,l,2.0NRT,301.65,5.21,D
21.25144,105.49233,330.5,0.39,0.36,2026-08-10,0625,SNPP,SNPP,l,2.0NRT,302.1,5.76,D
21.26755,105.48579,335.1,0.39,0.36,2026-08-10,0625,SNPP,SNPP,n,2.0NRT,302.69,6.35,D
21.27088,105.48522,330.15,0.39,0.36,2026-08-10,0625,SNPP,SNPP,l,2.0NRT,302.32,3.77,D
21.32961,105.83762,331.21,0.39,0.36,2026-08-10,0625,SNPP,SNPP,l,2.0NRT,304.27,3.9,D
21.33296,105.83705,332.61,0.39,0.36,2026-08-10,0625,SNPP,SNPP,l,2.0NRT,305.28,3.9,D
21.33241,105.83326,332.96,0.39,0.36,2026-08-10,0625,SNPP,SNPP,l,2.0NRT,305.72,3.35,D
21.33576,105.83271,330.58,0.39,0.36,2026-08-10,0625,SNPP,SNPP,l,2.0NRT,304.57,2.97,D
21.31251,105.62793,338.45,0.39,0.36,2026-08-10,0625,SNPP,SNPP,n,2.0NRT,303.74,4.46,D
21.31196,105.62418,335.84,0.39,0.36,2026-08-10,0625,SNPP,SNPP,n,2.0NRT,303.65,4.46,D
21.52571,106.8378,335.45,0.42,0.37,2026-08-10,0625,SNPP,SNPP,n,2.0NRT,298.04,4.8,D
21.52422,106.83898,340.03,0.42,0.37,2026-08-10,0625,SNPP,SNPP,n,2.0NRT,298.2,5.17,D
21.47921,105.86375,332.18,0.39,0.36,2026-08-10,0625,SNPP,SNPP,l,2.0NRT,304.38,2.66,D
21.74363,106.29263,333.37,0.4,0.37,2026-08-10,0625,SNPP,SNPP,n,2.0NRT,298.13,5.79,D
21.73032,105.80988,333.78,0.39,0.37,2026-08-10,0625,SNPP,SNPP,n,2.0NRT,296.83,3.6,D
21.68236,104.95647,332.26,0.38,0.36,2026-08-10,0625,SNPP,SNPP,l,2.0NRT,302.3,3,D
21.94218,106.19623,342.79,0.4,0.37,2026-08-10,0625,SNPP,SNPP,n,2.0NRT,304.2,23.71,D
21.94557,106.19565,341.58,0.4,0.37,2026-08-10,0625,SNPP,SNPP,n,2.0NRT,297.97,23.71,D
21.02014,106.52843,318.93,0.42,0.38,2026-08-10,1851,SNPP,SNPP,n,2.0NRT,293.38,3.91,N
20.26057,105.97353,330.76,0.48,0.4,2026-08-11,0603,SNPP,SNPP,l,2.0NRT,293.87,6.92,D
20.7257,106.55589,331.58,0.45,0.39,2026-08-11,0603,SNPP,SNPP,l,2.0NRT,302.01,5.89,D
20.75984,106.3485,330.2,0.46,0.39,2026-08-11,0603,SNPP,SNPP,l,2.0NRT,299.92,1.87,D
20.84446,106.31522,330.02,0.46,0.39,2026-08-11,0603,SNPP,SNPP,l,2.0NRT,300.46,2.92,D
20.86802,106.30157,330.27,0.46,0.39,2026-08-11,0603,SNPP,SNPP,l,2.0NRT,302.07,6.43,D
20.8716,106.30087,332.41,0.46,0.39,2026-08-11,0603,SNPP,SNPP,l,2.0NRT,301.98,2.65,D
20.87086,106.29649,331.26,0.46,0.39,2026-08-11,0603,SNPP,SNPP,l,2.0NRT,302.41,2.65,D
20.87444,106.2958,332.26,0.46,0.39,2026-08-11,0603,SNPP,SNPP,l,2.0NRT,301.91,2.65,D
20.96046,106.402,331.76,0.45,0.39,2026-08-11,0603,SNPP,SNPP,l,2.0NRT,303.25,4.75,D
20.97975,106.40717,333.61,0.45,0.39,2026-08-11,0603,SNPP,SNPP,l,2.0NRT,302.61,3.56,D
21.02455,106.56229,334.35,0.44,0.39,2026-08-11,0603,SNPP,SNPP,l,2.0NRT,302.95,6.32,D
21.01948,106.53243,333.38,0.45,0.39,2026-08-11,0603,SNPP,SNPP,l,2.0NRT,303.11,3.91,D
21.01876,106.52817,333.12,0.45,0.39,2026-08-11,0603,SNPP,SNPP,l,2.0NRT,304.44,3.91,D
20.99359,106.3373,331.21,0.45,0.39,2026-08-11,0603,SNPP,SNPP,l,2.0NRT,302.02,5.21,D
21.02576,106.50475,333.94,0.45,0.39,2026-08-11,0603,SNPP,SNPP,l,2.0NRT,302.16,1.58,D
21.03718,106.52901,333.64,0.45,0.39,2026-08-11,0603,SNPP,SNPP,l,2.0NRT,302.57,4.88,D
21.04862,106.57513,334.04,0.44,0.39,2026-08-11,0603,SNPP,SNPP,l,2.0NRT,302.17,5.2,D
21.04963,106.47892,334.92,0.45,0.39,2026-08-11,0603,SNPP,SNPP,l,2.0NRT,302.32,3.25,D
20.9769,105.80641,337.83,0.48,0.4,2026-08-11,0603,SNPP,SNPP,l,2.0NRT,301.65,6.78,D
21.02022,105.61259,331.13,0.49,0.4,2026-08-11,0603,SNPP,SNPP,l,2.0NRT,301.73,5.38,D
21.02392,105.61185,331.6,0.49,0.4,2026-08-11,0603,SNPP,SNPP,l,2.0NRT,301.14,8.06,D
21.04774,105.61678,333.38,0.49,0.4,2026-08-11,0603,SNPP,SNPP,l,2.0NRT,300.7,2.77,D
21.05144,105.61604,330.95,0.49,0.4,2026-08-11,0603,SNPP,SNPP,l,2.0NRT,300.81,2.77,D
21.05513,105.6153,331.06,0.49,0.4,2026-08-11,0603,SNPP,SNPP,l,2.0NRT,300.99,2.86,D
21.1957,106.05141,332.05,0.46,0.39,2026-08-11,0603,SNPP,SNPP,l,2.0NRT,302.37,5.88,D
21.20561,105.98015,334.07,0.47,0.4,2026-08-11,0603,SNPP,SNPP,l,2.0NRT,302.65,6.62,D
21.25088,105.49245,331.02,0.49,0.4,2026-08-11,0603,SNPP,SNPP,l,2.0NRT,300.92,6.86,D
21.27311,105.48796,330.46,0.49,0.4,2026-08-11,0603,SNPP,SNPP,l,2.0NRT,299.73,5.39,D
21.34102,105.40744,331.86,0.5,0.41,2026-08-11,0603,SNPP,SNPP,l,2.0NRT,299.49,5.17,D
21.47027,105.17596,333.75,0.51,0.41,2026-08-11,0603,SNPP,SNPP,n,2.0NRT,297.44,2.77,D
21.93513,106.19115,341.49,0.45,0.39,2026-08-11,0603,SNPP,SNPP,n,2.0NRT,299.99,17.92,D
21.8507,105.65981,337.67,0.47,0.4,2026-08-11,0603,SNPP,SNPP,n,2.0NRT,297.43,8.56,D
21.01797,106.52924,315.19,0.43,0.38,2026-08-11,1834,SNPP,SNPP,n,2.0NRT,295,1.81,N
21.01273,106.54093,309.28,0.43,0.38,2026-08-11,1834,SNPP,SNPP,n,2.0NRT,294.13,1.44,N
20.74974,106.5964,311.43,0.42,0.38,2026-08-11,1834,SNPP,SNPP,n,2.0NRT,294.41,0.57,N
20.5296,105.86417,308.25,0.45,0.39,2026-08-11,1834,SNPP,SNPP,n,2.0NRT,294.1,0.88,N
20.40591,105.89846,311.34,0.44,0.39,2026-08-11,1834,SNPP,SNPP,n,2.0NRT,294.93,1.35,N
20.40178,105.90212,313.85,0.44,0.39,2026-08-11,1834,SNPP,SNPP,n,2.0NRT,295.23,1.27,N
20.39823,105.90158,310.55,0.44,0.39,2026-08-11,1834,SNPP,SNPP,n,2.0NRT,294.94,1.2,N
20.39898,105.90352,310.58,0.44,0.39,2026-08-11,1834,SNPP,SNPP,n,2.0NRT,295.08,1.01,N
20.34696,105.91253,314.47,0.44,0.39,2026-08-11,1834,SNPP,SNPP,n,2.0NRT,294.78,1.06,N
21.33741,106.62616,338.13,0.53,0.5,2026-08-12,0546,SNPP,SNPP,n,2.0NRT,291.35,3.74,D
21.0393,106.5892,307.94,0.51,0.49,2026-08-12,1813,SNPP,SNPP,n,2.0NRT,289.01,2.2,N
21.03853,106.59102,307.03,0.51,0.49,2026-08-12,1813,SNPP,SNPP,n,2.0NRT,288.94,1.58,N
20.40777,105.90127,308.69,0.55,0.51,2026-08-12,1815,SNPP,SNPP,n,2.0NRT,290.31,1.04,N
20.40304,105.90072,308.56,0.55,0.51,2026-08-12,1815,SNPP,SNPP,n,2.0NRT,290.45,1.04,N
21.30475,106.07568,333.37,0.55,0.68,2026-08-13,0707,SNPP,SNPP,n,2.0NRT,288.9,3.01,D
21.73422,105.81798,329.92,0.54,0.68,2026-08-13,0707,SNPP,SNPP,n,2.0NRT,290.16,4.01,D
20.79653,106.12017,306.62,0.59,0.7,2026-08-13,1936,SNPP,SNPP,n,2.0NRT,286.1,0.89,N
21.0196,106.52774,305.31,0.62,0.54,2026-08-14,1919,SNPP,SNPP,n,2.0NRT,283.74,1.86,N
21.01785,106.53049,331.68,0.46,0.39,2026-08-15,0629,SNPP,SNPP,n,2.0NRT,299.64,6.52,D
20.88196,105.18151,330.47,0.41,0.37,2026-08-15,0629,SNPP,SNPP,n,2.0NRT,294.94,2.55,D
21.01115,105.63508,330.07,0.43,0.38,2026-08-15,0629,SNPP,SNPP,l,2.0NRT,304.43,5.82,D
21.02282,105.6165,332.77,0.43,0.38,2026-08-15,0629,SNPP,SNPP,l,2.0NRT,305.16,6.7,D
21.02225,105.61241,332.98,0.42,0.38,2026-08-15,0629,SNPP,SNPP,l,2.0NRT,305.18,6.01,D
21.0263,105.61595,331.23,0.43,0.38,2026-08-15,0629,SNPP,SNPP,l,2.0NRT,304.58,6.28,D
21.33027,105.83794,331.27,0.44,0.38,2026-08-15,0629,SNPP,SNPP,l,2.0NRT,303.9,3.39,D
21.33379,105.8374,330.19,0.44,0.38,2026-08-15,0629,SNPP,SNPP,l,2.0NRT,303.15,3.39,D
21.33322,105.83318,332.23,0.44,0.38,2026-08-15,0629,SNPP,SNPP,l,2.0NRT,304.94,3.39,D
21.47283,105.70034,333.66,0.43,0.38,2026-08-15,0629,SNPP,SNPP,n,2.0NRT,297.44,6.39,D
21.04085,106.58796,307.2,0.49,0.4,2026-08-15,1858,SNPP,SNPP,n,2.0NRT,291.18,2.98,N
20.15375,105.90942,332.89,0.42,0.38,2026-08-16,0610,SNPP,SNPP,l,2.0NRT,298.85,6.34,D
20.6528,106.43893,334.87,0.4,0.37,2026-08-16,0610,SNPP,SNPP,l,2.0NRT,298.47,6.21,D
21.01723,106.52966,331.78,0.4,0.37,2026-08-16,0610,SNPP,SNPP,l,2.0NRT,302.17,6.5,D
21.01813,106.52932,335.81,0.4,0.37,2026-08-16,0610,SNPP,SNPP,l,2.0NRT,302.83,6.81,D
21.11303,105.28125,330.2,0.43,0.38,2026-08-16,0610,SNPP,SNPP,l,2.0NRT,300.51,7.01,D
20.38922,106.52682,337.4,0.45,0.47,2026-08-17,0553,SNPP,SNPP,n,2.0NRT,296.27,4.53,D
20.13065,105.15651,332.97,0.55,0.51,2026-08-17,0553,SNPP,SNPP,n,2.0NRT,289.62,6.65,D
21.12399,105.85004,306.13,0.45,0.47,2026-08-17,1821,SNPP,SNPP,n,2.0NRT,286.27,3.34,N
21.01902,106.53031,313.32,0.41,0.45,2026-08-17,1821,SNPP,SNPP,n,2.0NRT,285.48,2.69,N
20.45309,105.8861,303.81,0.44,0.46,2026-08-17,1821,SNPP,SNPP,n,2.0NRT,283.21,1.22,N
20.40791,105.90102,304.1,0.44,0.46,2026-08-17,1821,SNPP,SNPP,n,2.0NRT,280.93,1.28,N
20.40365,105.90047,304.09,0.44,0.46,2026-08-17,1821,SNPP,SNPP,n,2.0NRT,280.32,1.17,N
21.13362,106.74718,345.22,0.57,0.43,2026-08-20,0635,SNPP,SNPP,n,2.0NRT,299.36,7.82,D
20.40773,105.89836,304.97,0.45,0.39,2026-08-27,1834,SNPP,SNPP,n,2.0NRT,281.41,0.98,N
20.40357,105.90204,298.35,0.45,0.39,2026-08-27,1834,SNPP,SNPP,n,2.0NRT,277.37,0.74,N
20.40001,105.9015,306.86,0.45,0.39,2026-08-27,1834,SNPP,SNPP,n,2.0NRT,283.46,0.74,N
